-- MySQL Script generated by MySQL Workbench
-- Tue Oct 30 15:33:27 2018
-- Model: New Model    Version: 1.0
-- MySQL Workbench Forward Engineering

-- -----------------------------------------------------
CREATE DATABASE IF NOT EXISTS `Cipriano_lab10`;
USE `Cipriano_lab10`;

-- -----------------------------------------------------
-- Table `Offices`
-- -----------------------------------------------------
CREATE TABLE IF NOT EXISTS `Offices` (
  `office_id` VARCHAR(45) NOT NULL,
  `city` VARCHAR(45) NOT NULL,
  `phone` VARCHAR(45) NOT NULL,
  `address_line1` VARCHAR(45) NOT NULL,
  `address_line2` VARCHAR(45) NOT NULL,
  `state` VARCHAR(45) NOT NULL,
  `country` VARCHAR(45) NOT NULL,
  `postalcode` VARCHAR(45) NOT NULL,
  `region_id` VARCHAR(45) NOT NULL,
  `territory` VARCHAR(45) NOT NULL,
  PRIMARY KEY (`office_id`));

-- -- ---------------------------------------------------
-- Table `Employees`
-- -----------------------------------------------------
CREATE TABLE IF NOT EXISTS `Employees` (
  `employee_id` VARCHAR(45) NOT NULL,
  `last_name` VARCHAR(45) NOT NULL,
  `first_name` VARCHAR(45) NOT NULL,
  `extension` VARCHAR(45) NOT NULL,
  `email` VARCHAR(45) NOT NULL,
  `job_title` VARCHAR(45) NOT NULL,
  `reportsTo` VARCHAR(45) NOT NULL,
  `office_id` VARCHAR(45) NOT NULL,
  `salary` VARCHAR(45) NULL,
  `home_phone` VARCHAR(45) NULL,
  PRIMARY KEY (`employee_id`),
  INDEX `fk_Employees_Offices1_idx` (`office_id` ASC),
    FOREIGN KEY (`office_id`)
    REFERENCES `Offices` (`office_id`)
    ON DELETE NO ACTION
    ON UPDATE NO ACTION);


-- -----------------------------------------------------
-- Table `Customers`
-- -----------------------------------------------------
CREATE TABLE IF NOT EXISTS `Customers` (
  `customer_id`VARCHAR(45) NOT NULL,
  `clast_name` VARCHAR(45) NOT NULL,
  `cfirst_name` VARCHAR(45) NOT NULL,
  `phone` VARCHAR(45) NOT NULL,
  `address_line1` VARCHAR(45) NOT NULL,
  `city` VARCHAR(45) NOT NULL,
  `postal_code` VARCHAR(45) NOT NULL,
  `country` VARCHAR(45) NOT NULL,
  `credit_limit` VARCHAR(45) NOT NULL,
  `employee_id` VARCHAR(45) NOT NULL,
  PRIMARY KEY (`customer_id`),
  INDEX `fk_Customers_Employees1_idx` (`employee_id` ASC),
    FOREIGN KEY (`employee_id`)
    REFERENCES `Employees` (`employee_id`)
    ON DELETE NO ACTION
    ON UPDATE NO ACTION);


-- -----------------------------------------------------
-- Data for table `Offices`
-- -----------------------------------------------------
START TRANSACTION;
/*USE `Offices`;*/
INSERT INTO `Offices` (`office_id`, `city`, `phone`, `address_line1`, `address_line2`, `state`, `country`, `postalcode`, `region_id`, `territory`) VALUES (1, 'dallas', '1214.456.5678', '3736 main street ', 'suite 100', 'tx', 'united states', '756.908', '0100', 'north america');
INSERT INTO `Offices` (`office_id`, `city`, `phone`, `address_line1`, `address_line2`, `state`, `country`, `postalcode`, `region_id`, `territory`) VALUES (2, 'houston', '1278.456.0876', '2893 preston rd', 'suite 300', 'tx', 'united states', '765.908', '0101', 'north america');
INSERT INTO `Offices` (`office_id`, `city`, `phone`, `address_line1`, `address_line2`, `state`, `country`, `postalcode`, `region_id`, `territory`) VALUES (3, 'austin', '1278.987.6732', '901 viler rd', 'suite 456', 'tx', 'united states', '765.456', '0102', 'north america');
INSERT INTO `Offices` (`office_id`, `city`, `phone`, `address_line1`, `address_line2`, `state`, `country`, `postalcode`, `region_id`, `territory`) VALUES (4, 'rio de janeiro', '55212456.7876', '3940 jesus rd', 'suite 898', 'rj', 'brazil', '25045.170', '0103', 'south america');
INSERT INTO `Offices` (`office_id`, `city`, `phone`, `address_line1`, `address_line2`, `state`, `country`, `postalcode`, `region_id`, `territory`) VALUES (5, 'london', '68876.78768', '920 god dr', 'num 4098', 'ld', 'england', '4567.98987', '0104', 'europe');
INSERT INTO `Offices` (`office_id`, `city`, `phone`, `address_line1`, `address_line2`, `state`, `country`, `postalcode`, `region_id`, `territory`) VALUES (6, 'sydney', '564678.0098', '300 timber st', 'num 3456', 'sy', 'australia', '6475.09', '0105', 'oceania');
INSERT INTO `Offices` (`office_id`, `city`, `phone`, `address_line1`, `address_line2`, `state`, `country`, `postalcode`, `region_id`, `territory`) VALUES (7, 'barcelona', '80234.7678', '8939 dalliu rd', 'num 1800', 'bc', 'spain', '9012.34', '0106', 'europe');
INSERT INTO `Offices` (`office_id`, `city`, `phone`, `address_line1`, `address_line2`, `state`, `country`, `postalcode`, `region_id`, `territory`) VALUES (8, 'madrid', '80345.8987', '830 drone rd', 'suite 700', 'md', 'spain', '9056.99', '0107', 'europe');
INSERT INTO `Offices` (`office_id`, `city`, `phone`, `address_line1`, `address_line2`, `state`, `country`, `postalcode`, `region_id`, `territory`) VALUES (9, 'sao paulo', '55112786.4567', '2904 new yourk st', 'suite 140', 'sp', 'brazil', '25409.876', '0108', 'south america');
INSERT INTO `Offices` (`office_id`, `city`, `phone`, `address_line1`, `address_line2`, `state`, `country`, `postalcode`, `region_id`, `territory`) VALUES (10, 'mexical city', '3023345.9897', '350 london st', 'num 5678', 'mc', 'mexioo', '3567.0076', '0109', 'central america');

COMMIT;


-- -----------------------------------------------------
-- Data for table `Employees`
-- -----------------------------------------------------
START TRANSACTION;
/*USE `Employees`;*/
INSERT INTO `Employees` (`employee_id`, `last_name`, `first_name`, `extension`, `email`, `job_title`, `reportsTo`, `office_id`, `salary`, `home_phone`) VALUES (111, 'cipriano', 'carlos', '256', 'ciprianoeng@gmail.com', 'ceo', 'share holders', 1, '$300,000', '1234.567.8765');
INSERT INTO `Employees` (`employee_id`, `last_name`, `first_name`, `extension`, `email`, `job_title`, `reportsTo`, `office_id`, `salary`, `home_phone`) VALUES (112, 'smith', 'scott', '257', 'scottsm@gmail.com', 'manager', 'director', 2, '$160,000', '1345.654.8976');
INSERT INTO `Employees` (`employee_id`, `last_name`, `first_name`, `extension`, `email`, `job_title`, `reportsTo`, `office_id`, `salary`, `home_phone`) VALUES (113, 'bower', 'victor', '258', 'victb@gmail.com', 'engineer', 'manager', 3, '$120,000', '1674.849.9394');
INSERT INTO `Employees` (`employee_id`, `last_name`, `first_name`, `extension`, `email`, `job_title`, `reportsTo`, `office_id`, `salary`, `home_phone`) VALUES (114, 'obama', 'barack', '259', 'baracko@gmail.com', 'engineer', 'manager', 4, '$100,000', '1345.898.9933');
INSERT INTO `Employees` (`employee_id`, `last_name`, `first_name`, `extension`, `email`, `job_title`, `reportsTo`, `office_id`, `salary`, `home_phone`) VALUES (115, 'trump', 'donald', '260', 'trumpd@gmail.com', 'engineer', 'manager', 5, '$110,000', '1456.909.8876');
INSERT INTO `Employees` (`employee_id`, `last_name`, `first_name`, `extension`, `email`, `job_title`, `reportsTo`, `office_id`, `salary`, `home_phone`) VALUES (116, 'clinton', 'hillary', '261', 'clintonh@gmail.com', 'engineer', 'manager', 6, '$100,000', '1562.628.0393');
INSERT INTO `Employees` (`employee_id`, `last_name`, `first_name`, `extension`, `email`, `job_title`, `reportsTo`, `office_id`, `salary`, `home_phone`) VALUES (117, 'soros', 'jorge', '262', 'sorosj@gmail.com', 'drafter', 'engineer', 7, '$90,000', '1837.467.3839');
INSERT INTO `Employees` (`employee_id`, `last_name`, `first_name`, `extension`, `email`, `job_title`, `reportsTo`, `office_id`, `salary`, `home_phone`) VALUES (118, 'cruz', 'tom', '263', 'tomc@gmail.com', 'drafter', 'engineer', 8, '$120,000', '1737.3747.3949');
INSERT INTO `Employees` (`employee_id`, `last_name`, `first_name`, `extension`, `email`, `job_title`, `reportsTo`, `office_id`, `salary`, `home_phone`) VALUES (119, 'starck', 'tony', '264', 'stackt@gmail.com', 'director', 'ceo', 9, '$150,000', '1939.399.4747');
INSERT INTO `Employees` (`employee_id`, `last_name`, `first_name`, `extension`, `email`, `job_title`, `reportsTo`, `office_id`, `salary`, `home_phone`) VALUES (120, 'bush', 'george', '265', 'bushg@gmail.com', 'counter', 'director', 10, '$130,000', '1738.494.8484');

COMMIT;


-- -----------------------------------------------------
-- Data for table `Customers`
-- -----------------------------------------------------
START TRANSACTION;
/*USE `Customers`;*/
INSERT INTO `Customers` (`customer_id`, `clast_name`, `cfirst_name`, `phone`, `address_line1`, `city`, `postal_code`, `country`, `credit_limit`, `employee_id`) VALUES (001, 'cipriano', 'carlos', '1469.487.8642', '3737 Timberglen Rd', 'dallas', '75287', 'united states', '$90,000', 111);
INSERT INTO `Customers` (`customer_id`, `clast_name`, `cfirst_name`, `phone`, `address_line1`, `city`, `postal_code`, `country`, `credit_limit`, `employee_id`) VALUES (002, 'price', 'victor', '1234.588.9940', '293 gamer rd', 'austin', '76532', 'united states', '$100,000', 112);
INSERT INTO `Customers` (`customer_id`, `clast_name`, `cfirst_name`, `phone`, `address_line1`, `city`, `postal_code`, `country`, `credit_limit`, `employee_id`) VALUES (003, 'johnson', 'james', '1939.939.9499', '394 tinner rd', 'houston', '75629', 'united states', '$80,000', 113);
INSERT INTO `Customers` (`customer_id`, `clast_name`, `cfirst_name`, `phone`, `address_line1`, `city`, `postal_code`, `country`, `credit_limit`, `employee_id`) VALUES (004, 'davis', 'mark', '1774.494.0404', '920 young dr', 'london', '32902', 'england', '$70,000', 114);
INSERT INTO `Customers` (`customer_id`, `clast_name`, `cfirst_name`, `phone`, `address_line1`, `city`, `postal_code`, `country`, `credit_limit`, `employee_id`) VALUES (005, 'williams', 'carl', '1030.030.8747', '2909 vision blvd', 'sao paulo', '393929', 'brazil', '$60,000', 115);
INSERT INTO `Customers` (`customer_id`, `clast_name`, `cfirst_name`, `phone`, `address_line1`, `city`, `postal_code`, `country`, `credit_limit`, `employee_id`) VALUES (006, 'miller', 'scott', '1763.984.0404', '1000 preston rd', 'sydney', '9293023', 'australia', '$50,000', 116);
INSERT INTO `Customers` (`customer_id`, `clast_name`, `cfirst_name`, `phone`, `address_line1`, `city`, `postal_code`, `country`, `credit_limit`, `employee_id`) VALUES (007, 'moore', 'sarah', '1983.939.9399', '300 plano pwy', 'rio de janeiro', '2893933', 'brazil', '$100,000', 117);
INSERT INTO `Customers` (`customer_id`, `clast_name`, `cfirst_name`, `phone`, `address_line1`, `city`, `postal_code`, `country`, `credit_limit`, `employee_id`) VALUES (008, 'taylor', 'michael', '1564.829.0873', '890 letina st', 'mexico city', '899882', 'mexico', '$200,000', 118);
INSERT INTO `Customers` (`customer_id`, `clast_name`, `cfirst_name`, `phone`, `address_line1`, `city`, `postal_code`, `country`, `credit_limit`, `employee_id`) VALUES (009, 'anderson', 'jamie', '1930.890.9876', '390 doritos dr', 'dallas', '75033', 'united states', '$30,000', 119);
INSERT INTO `Customers` (`customer_id`, `clast_name`, `cfirst_name`, `phone`, `address_line1`, `city`, `postal_code`, `country`, `credit_limit`, `employee_id`) VALUES (010, 'thomas', 'robbin', '1782.934.0652', '390 cowboys rd', 'houston', '75045', 'united states', '$45,000', 120);

COMMIT;




